"chr","region_start","region_end","including","Index_snp","pos","ref","alt","Z","p.value","locus.name"
1,160657127,161654948,TRUE,"rs4575098",161155392,"A","G",6.35743577877,2.05149393579e-10,"p_chr1_1"
1,207287187,208286360,FALSE,"rs2093760",207786828,"A","G",8.82495729317,1.09501589406e-18,"p_chr1_2"
2,127392098,128390758,TRUE,"rs4663105",127891427,"C","A",13.9449582111,3.37645740961e-44,"p_chr2_1"
2,233481978,234481673,FALSE,"rs10933431",233981912,"G","C",-6.12759926961,8.92149375234e-10,"p_chr2_2"
3,56726157,57725416,TRUE,"rs184384746",57226150,"T","C",5.69454687333,1.237e-08,"p_chr3_1"
4,10526495,11525285,FALSE,"rs6448453",11026028,"A","G",6.0035277658,1.93075730092e-09,"p_chr4_1"
4,11223453,12222857,FALSE,"rs7657553",11723235,"A","G",1.95,0.051,"p_chr4_2"
6,32084020,33083288,FALSE,"rs6931277",32583357,"T","A",-6.49304888997,8.41163760654e-11,"p_chr6_1"
6,40442270,41436681,TRUE,"rs187370608",40942196,"A","G",8.2604699901,1.451e-16,"p_chr6_2"
6,46932707,47932390,FALSE,"rs9381563",47432637,"C","T",6.32560055982,2.52249566697e-10,"p_chr6_3"
7,99472263,100471595,FALSE,"rs1859788",99971834,"A","G",-7.92821055313,2.22326135198e-15,"p_chr7_1"
7,142609154,143607664,FALSE,"rs7810606",143108158,"T","C",-6.62006832937,3.59032871396e-11,"p_chr7_2"
7,145450234,146449723,TRUE,"rs114360492",145950029,"T","C",5.99018691859,2.096e-09,"p_chr7_3"
8,26965233,27963212,FALSE,"rs4236673",27464929,"A","G",-8.98411638973,2.6082157709e-19,"p_chr8_1"
10,11217632,12216106,TRUE,"rs11257238",11717397,"C","T",5.69122315832,1.26132530296e-08,"p_chr10_1"
11,59458480,60458342,TRUE,"rs2081545",59958380,"A","C",-7.97285826224,1.55045960996e-15,"p_chr11_1"
11,85276744,86276542,FALSE,"rs867611",85776544,"G","A",-8.74728891127,2.18539660681e-18,"p_chr11_2"
11,120936096,121935176,TRUE,"rs11218343",121435587,"C","T",-6.7942732762,1.08859865124e-11,"p_chr11_3"
14,92438880,93438821,TRUE,"rs12590654",92938855,"A","G",-6.39123944315,1.64546479009e-10,"p_chr14_1"
15,58523092,59522015,TRUE,"rs442495",59022615,"C","T",-6.06589097554,1.31224127712e-09,"p_chr15_1"
15,63070056,64069139,TRUE,"rs117618017",63569902,"T","C",5.52218674132,3.34806368559e-08,"p_chr15_2"
16,30633281,31633062,TRUE,"rs59735493",31133100,"A","G",-5.49190991296,3.97610208089e-08,"p_chr16_1"
17,4639282,5638889,TRUE,"rs113260531",5138980,"A","G",6.12333063548,9.16392563211e-10,"p_chr17_1"
17,46950869,47950634,TRUE,"rs28394864",47450775,"A","G",5.6237113315,1.86897868861e-08,"p_chr17_2"
17,55910369,56908237,FALSE,"rs2632516",56409089,"C","G",-4.89842092814,9.66099014726e-07,"p_chr17_3"
18,28589078,29588437,TRUE,"rs8093731",29088958,"T","C",-2.16728825286,0.0302128816597,"p_chr18_1"
18,55690891,56688434,TRUE,"rs76726049",56189459,"C","T",5.52447434802,3.30473513287e-08,"p_chr18_2"
19,539593,1539001,FALSE,"rs111278892",1039323,"G","C",6.50193146254,7.92952288792e-11,"p_chr19_1"
19,44851787,45850933,FALSE,"rs41289512",45351516,"G","C",35.495380405,5.79204007938e-276,"p_chr19_2"
19,45741938,46741772,FALSE,"rs76320948",46241841,"T","C",5.46447952024,4.64266974195e-08,"p_chr19_3"
19,51227977,52227853,TRUE,"rs3865444",51727962,"A","C",-5.80761319957,6.33697062958e-09,"p_chr19_4"
20,54498656,55498452,TRUE,"rs6014724",54998544,"G","A",-6.17624144337,6.56455738355e-10,"p_chr20_1"
